{
  "annotations": {
    "list": [
      {
        "builtIn": 1,
        "datasource": {
          "type": "grafana",
          "uid": "-- Grafana --"
        },
        "enable": true,
        "hide": true,
        "iconColor": "rgba(0, 211, 255, 1)",
        "name": "Annotations & Alerts",
        "target": {
          "limit": 100,
          "matchAny": false,
          "tags": [],
          "type": "dashboard"
        },
        "type": "dashboard"
      }
    ]
  },
  "description": "to monitor pod cpu, memory, I/O, RX/TX and cluster cpu, memory request/limit/real usage, RX/TX, Disk I/O ",
  "editable": true,
  "fiscalYearStartMonth": 0,
  "gnetId": 18283,
  "graphTooltip": 0,
  "id": 8,
  "links": [],
  "liveNow": false,
  "panels": [
    {
      "datasource": {
        "type": "prometheus",
        "uid": "e123dd0d-5f18-48c3-a812-b3062a5dae76"
      },
      "fieldConfig": {
        "defaults": {
          "color": {
            "mode": "continuous-GrYlRd"
          },
          "mappings": [],
          "max": 1,
          "min": 0,
          "thresholds": {
            "mode": "absolute",
            "steps": [
              {
                "color": "green",
                "value": null
              },
              {
                "color": "red",
                "value": 80
              }
            ]
          },
          "unit": "percentunit",
          "unitScale": true
        },
        "overrides": []
      },
      "gridPos": {
        "h": 8,
        "w": 6,
        "x": 0,
        "y": 0
      },
      "id": 35,
      "options": {
        "displayMode": "lcd",
        "maxVizHeight": 300,
        "minVizHeight": 10,
        "minVizWidth": 0,
        "namePlacement": "auto",
        "orientation": "horizontal",
        "reduceOptions": {
          "calcs": [
            "lastNotNull"
          ],
          "fields": "",
          "values": false
        },
        "showUnfilled": true,
        "sizing": "auto",
        "valueMode": "color"
      },
      "pluginVersion": "10.3.3",
      "targets": [
        {
          "datasource": {
            "type": "prometheus",
            "uid": "e123dd0d-5f18-48c3-a812-b3062a5dae76"
          },
          "editorMode": "code",
          "exemplar": true,
          "expr": "avg(1-rate(node_cpu_seconds_total{mode=\"idle\", job=\"node-exporter\"}[$__rate_interval]))",
          "interval": "",
          "legendFormat": "Real",
          "range": true,
          "refId": "A"
        },
        {
          "datasource": {
            "type": "prometheus",
            "uid": "e123dd0d-5f18-48c3-a812-b3062a5dae76"
          },
          "editorMode": "code",
          "expr": "sum(kube_pod_container_resource_requests{unit=\"core\"}) / sum(machine_cpu_cores)",
          "hide": false,
          "legendFormat": "Requests",
          "range": true,
          "refId": "B"
        },
        {
          "datasource": {
            "type": "prometheus",
            "uid": "e123dd0d-5f18-48c3-a812-b3062a5dae76"
          },
          "editorMode": "code",
          "expr": "sum(kube_pod_container_resource_limits{unit=\"core\"}) / sum(machine_cpu_cores)",
          "hide": false,
          "legendFormat": "Limits",
          "range": true,
          "refId": "C"
        }
      ],
      "title": "Global CPU  Usage",
      "type": "bargauge"
    },
    {
      "datasource": {
        "type": "prometheus",
        "uid": "e123dd0d-5f18-48c3-a812-b3062a5dae76"
      },
      "fieldConfig": {
        "defaults": {
          "color": {
            "mode": "continuous-GrYlRd"
          },
          "decimals": 2,
          "mappings": [],
          "max": 1,
          "min": 0,
          "thresholds": {
            "mode": "percentage",
            "steps": [
              {
                "color": "green",
                "value": null
              },
              {
                "color": "red",
                "value": 80
              }
            ]
          },
          "unit": "percentunit",
          "unitScale": true
        },
        "overrides": []
      },
      "gridPos": {
        "h": 8,
        "w": 6,
        "x": 6,
        "y": 0
      },
      "id": 37,
      "options": {
        "displayMode": "lcd",
        "maxVizHeight": 300,
        "minVizHeight": 10,
        "minVizWidth": 0,
        "namePlacement": "auto",
        "orientation": "horizontal",
        "reduceOptions": {
          "calcs": [
            "lastNotNull"
          ],
          "fields": "",
          "values": false
        },
        "showUnfilled": true,
        "sizing": "auto",
        "text": {},
        "valueMode": "color"
      },
      "pluginVersion": "10.3.3",
      "targets": [
        {
          "datasource": {
            "type": "prometheus",
            "uid": "e123dd0d-5f18-48c3-a812-b3062a5dae76"
          },
          "editorMode": "code",
          "exemplar": true,
          "expr": "sum(node_memory_MemTotal_bytes{job=\"node-exporter\"} - node_memory_MemAvailable_bytes{job=\"node-exporter\"}) / sum(node_memory_MemTotal_bytes{job=\"node-exporter\"})",
          "interval": "",
          "legendFormat": "Real",
          "range": true,
          "refId": "A"
        },
        {
          "datasource": {
            "type": "prometheus",
            "uid": "e123dd0d-5f18-48c3-a812-b3062a5dae76"
          },
          "editorMode": "code",
          "expr": "sum(kube_pod_container_resource_requests{unit=\"byte\"}) / sum(machine_memory_bytes)",
          "hide": false,
          "legendFormat": "Requests",
          "range": true,
          "refId": "B"
        },
        {
          "datasource": {
            "type": "prometheus",
            "uid": "e123dd0d-5f18-48c3-a812-b3062a5dae76"
          },
          "editorMode": "code",
          "expr": "sum(kube_pod_container_resource_limits{unit=\"byte\"}) / sum(machine_memory_bytes)",
          "hide": false,
          "legendFormat": "Limits",
          "range": true,
          "refId": "C"
        }
      ],
      "title": "Global RAM Usage",
      "type": "bargauge"
    },
    {
      "datasource": {
        "type": "prometheus",
        "uid": "e123dd0d-5f18-48c3-a812-b3062a5dae76"
      },
      "fieldConfig": {
        "defaults": {
          "mappings": [],
          "noValue": "0",
          "thresholds": {
            "mode": "absolute",
            "steps": [
              {
                "color": "blue",
                "value": null
              }
            ]
          },
          "unitScale": true
        },
        "overrides": []
      },
      "gridPos": {
        "h": 4,
        "w": 2,
        "x": 12,
        "y": 0
      },
      "id": 39,
      "options": {
        "colorMode": "value",
        "graphMode": "none",
        "justifyMode": "auto",
        "orientation": "auto",
        "reduceOptions": {
          "calcs": [
            "last"
          ],
          "fields": "",
          "values": false
        },
        "showPercentChange": false,
        "text": {},
        "textMode": "value",
        "wideLayout": true
      },
      "pluginVersion": "10.3.3",
      "targets": [
        {
          "datasource": {
            "type": "prometheus",
            "uid": "e123dd0d-5f18-48c3-a812-b3062a5dae76"
          },
          "exemplar": true,
          "expr": "count(up{job=\"node-exporter\"})",
          "interval": "",
          "legendFormat": "",
          "refId": "A"
        }
      ],
      "title": "Nodes",
      "type": "stat"
    },
    {
      "datasource": {
        "type": "prometheus",
        "uid": "e123dd0d-5f18-48c3-a812-b3062a5dae76"
      },
      "fieldConfig": {
        "defaults": {
          "color": {
            "mode": "palette-classic"
          },
          "custom": {
            "hideFrom": {
              "legend": false,
              "tooltip": false,
              "viz": false
            }
          },
          "mappings": [],
          "unit": "none",
          "unitScale": true
        },
        "overrides": []
      },
      "gridPos": {
        "h": 8,
        "w": 10,
        "x": 14,
        "y": 0
      },
      "id": 24,
      "options": {
        "displayLabels": [
          "value"
        ],
        "legend": {
          "displayMode": "table",
          "placement": "right",
          "showLegend": true,
          "values": [
            "value"
          ]
        },
        "pieType": "donut",
        "reduceOptions": {
          "calcs": [
            "lastNotNull"
          ],
          "fields": "",
          "values": false
        },
        "tooltip": {
          "mode": "multi",
          "sort": "desc"
        }
      },
      "pluginVersion": "9.1.0",
      "targets": [
        {
          "datasource": {
            "type": "prometheus",
            "uid": "e123dd0d-5f18-48c3-a812-b3062a5dae76"
          },
          "editorMode": "builder",
          "expr": "count by(namespace) (rate(kube_pod_container_status_running{namespace=~\"$namespace\"}[$__rate_interval]))",
          "legendFormat": "__auto",
          "range": true,
          "refId": "A"
        }
      ],
      "title": "Running Pods",
      "type": "piechart"
    },
    {
      "datasource": {
        "type": "prometheus",
        "uid": "e123dd0d-5f18-48c3-a812-b3062a5dae76"
      },
      "fieldConfig": {
        "defaults": {
          "mappings": [],
          "noValue": "0",
          "thresholds": {
            "mode": "absolute",
            "steps": [
              {
                "color": "blue",
                "value": null
              }
            ]
          },
          "unitScale": true
        },
        "overrides": []
      },
      "gridPos": {
        "h": 4,
        "w": 2,
        "x": 12,
        "y": 4
      },
      "id": 41,
      "options": {
        "colorMode": "value",
        "graphMode": "none",
        "justifyMode": "auto",
        "orientation": "auto",
        "reduceOptions": {
          "calcs": [
            "last"
          ],
          "fields": "",
          "values": false
        },
        "showPercentChange": false,
        "text": {},
        "textMode": "value",
        "wideLayout": true
      },
      "pluginVersion": "10.3.3",
      "targets": [
        {
          "datasource": {
            "type": "prometheus",
            "uid": "e123dd0d-5f18-48c3-a812-b3062a5dae76"
          },
          "expr": "count(kube_namespace_created)",
          "interval": "",
          "legendFormat": "",
          "refId": "A"
        }
      ],
      "title": "Namespaces",
      "type": "stat"
    },
    {
      "datasource": {
        "type": "prometheus",
        "uid": "e123dd0d-5f18-48c3-a812-b3062a5dae76"
      },
      "fieldConfig": {
        "defaults": {
          "mappings": [],
          "noValue": "0",
          "thresholds": {
            "mode": "absolute",
            "steps": [
              {
                "color": "rgb(255, 255, 255)",
                "value": null
              }
            ]
          },
          "unit": "none",
          "unitScale": true
        },
        "overrides": []
      },
      "gridPos": {
        "h": 4,
        "w": 6,
        "x": 0,
        "y": 8
      },
      "id": 10,
      "options": {
        "colorMode": "none",
        "graphMode": "none",
        "justifyMode": "center",
        "orientation": "auto",
        "reduceOptions": {
          "calcs": [
            "mean"
          ],
          "fields": "",
          "values": false
        },
        "showPercentChange": false,
        "text": {},
        "textMode": "auto",
        "wideLayout": true
      },
      "pluginVersion": "10.3.3",
      "targets": [
        {
          "datasource": {
            "type": "prometheus",
            "uid": "e123dd0d-5f18-48c3-a812-b3062a5dae76"
          },
          "editorMode": "code",
          "exemplar": true,
          "expr": "sum(1-rate(node_cpu_seconds_total{mode=\"idle\", job=\"node-exporter\"}[$__rate_interval]))",
          "interval": "",
          "legendFormat": "Real",
          "range": true,
          "refId": "A"
        },
        {
          "datasource": {
            "type": "prometheus",
            "uid": "e123dd0d-5f18-48c3-a812-b3062a5dae76"
          },
          "editorMode": "code",
          "expr": "sum(kube_pod_container_resource_requests{unit=\"core\"})",
          "hide": false,
          "legendFormat": "Requests",
          "range": true,
          "refId": "B"
        },
        {
          "datasource": {
            "type": "prometheus",
            "uid": "e123dd0d-5f18-48c3-a812-b3062a5dae76"
          },
          "editorMode": "code",
          "expr": "sum(kube_pod_container_resource_limits{unit=\"core\"})",
          "hide": false,
          "legendFormat": "Limits",
          "range": true,
          "refId": "C"
        },
        {
          "datasource": {
            "type": "prometheus",
            "uid": "e123dd0d-5f18-48c3-a812-b3062a5dae76"
          },
          "editorMode": "code",
          "expr": "sum(machine_cpu_cores)",
          "hide": false,
          "legendFormat": "Total",
          "range": true,
          "refId": "D"
        }
      ],
      "title": "CPU Usage",
      "type": "stat"
    },
    {
      "datasource": {
        "type": "prometheus",
        "uid": "e123dd0d-5f18-48c3-a812-b3062a5dae76"
      },
      "fieldConfig": {
        "defaults": {
          "mappings": [],
          "noValue": "0",
          "thresholds": {
            "mode": "absolute",
            "steps": [
              {
                "color": "rgb(255, 255, 255)",
                "value": null
              }
            ]
          },
          "unit": "bytes",
          "unitScale": true
        },
        "overrides": []
      },
      "gridPos": {
        "h": 4,
        "w": 6,
        "x": 6,
        "y": 8
      },
      "id": 12,
      "options": {
        "colorMode": "none",
        "graphMode": "none",
        "justifyMode": "auto",
        "orientation": "auto",
        "reduceOptions": {
          "calcs": [
            "mean"
          ],
          "fields": "",
          "values": false
        },
        "showPercentChange": false,
        "text": {},
        "textMode": "auto",
        "wideLayout": true
      },
      "pluginVersion": "10.3.3",
      "targets": [
        {
          "datasource": {
            "type": "prometheus",
            "uid": "e123dd0d-5f18-48c3-a812-b3062a5dae76"
          },
          "editorMode": "code",
          "exemplar": true,
          "expr": "sum(node_memory_MemTotal_bytes{job=\"node-exporter\"} - node_memory_MemAvailable_bytes{job=\"node-exporter\"})",
          "interval": "",
          "legendFormat": "Real",
          "range": true,
          "refId": "A"
        },
        {
          "datasource": {
            "type": "prometheus",
            "uid": "e123dd0d-5f18-48c3-a812-b3062a5dae76"
          },
          "editorMode": "code",
          "expr": "sum(kube_pod_container_resource_requests{unit=\"byte\"})",
          "hide": false,
          "legendFormat": "Requests",
          "range": true,
          "refId": "B"
        },
        {
          "datasource": {
            "type": "prometheus",
            "uid": "e123dd0d-5f18-48c3-a812-b3062a5dae76"
          },
          "editorMode": "code",
          "expr": "sum(kube_pod_container_resource_limits{unit=\"byte\"})",
          "hide": false,
          "legendFormat": "Limits",
          "range": true,
          "refId": "C"
        },
        {
          "datasource": {
            "type": "prometheus",
            "uid": "e123dd0d-5f18-48c3-a812-b3062a5dae76"
          },
          "editorMode": "code",
          "expr": "sum(machine_memory_bytes)",
          "hide": false,
          "legendFormat": "Total",
          "range": true,
          "refId": "D"
        }
      ],
      "title": "RAM Usage",
      "type": "stat"
    },
    {
      "datasource": {
        "type": "prometheus",
        "uid": "e123dd0d-5f18-48c3-a812-b3062a5dae76"
      },
      "fieldConfig": {
        "defaults": {
          "mappings": [],
          "noValue": "0",
          "thresholds": {
            "mode": "absolute",
            "steps": [
              {
                "color": "blue",
                "value": null
              }
            ]
          },
          "unitScale": true
        },
        "overrides": []
      },
      "gridPos": {
        "h": 4,
        "w": 2,
        "x": 12,
        "y": 8
      },
      "id": 43,
      "options": {
        "colorMode": "value",
        "graphMode": "none",
        "justifyMode": "auto",
        "orientation": "auto",
        "reduceOptions": {
          "calcs": [
            "last"
          ],
          "fields": "",
          "values": false
        },
        "showPercentChange": false,
        "text": {},
        "textMode": "value",
        "wideLayout": true
      },
      "pluginVersion": "10.3.3",
      "targets": [
        {
          "datasource": {
            "type": "prometheus",
            "uid": "e123dd0d-5f18-48c3-a812-b3062a5dae76"
          },
          "expr": "sum(kube_pod_status_phase{phase='Running'})",
          "interval": "",
          "legendFormat": "",
          "refId": "A"
        }
      ],
      "title": "Running Pods",
      "type": "stat"
    },
    {
      "datasource": {
        "type": "prometheus",
        "uid": "e123dd0d-5f18-48c3-a812-b3062a5dae76"
      },
      "fieldConfig": {
        "defaults": {
          "color": {
            "mode": "continuous-GrYlRd"
          },
          "mappings": [],
          "max": 1,
          "min": 0,
          "thresholds": {
            "mode": "absolute",
            "steps": [
              {
                "color": "green",
                "value": null
              },
              {
                "color": "red",
                "value": 80
              }
            ]
          },
          "unit": "percentunit",
          "unitScale": true
        },
        "overrides": []
      },
      "gridPos": {
        "h": 4,
        "w": 5,
        "x": 14,
        "y": 8
      },
      "id": 2,
      "options": {
        "displayMode": "lcd",
        "maxVizHeight": 300,
        "minVizHeight": 10,
        "minVizWidth": 0,
        "namePlacement": "auto",
        "orientation": "horizontal",
        "reduceOptions": {
          "calcs": [
            "lastNotNull"
          ],
          "fields": "",
          "values": false
        },
        "showUnfilled": true,
        "sizing": "auto",
        "valueMode": "color"
      },
      "pluginVersion": "10.3.3",
      "targets": [
        {
          "datasource": {
            "type": "prometheus",
            "uid": "e123dd0d-5f18-48c3-a812-b3062a5dae76"
          },
          "editorMode": "code",
          "expr": "avg(1-rate(node_cpu_seconds_total{mode=\"idle\", job=\"node-exporter\"}[$__rate_interval]))",
          "legendFormat": "__auto",
          "range": true,
          "refId": "A"
        }
      ],
      "title": "Cluster CPU Utilization",
      "type": "bargauge"
    },
    {
      "datasource": {
        "type": "prometheus",
        "uid": "e123dd0d-5f18-48c3-a812-b3062a5dae76"
      },
      "fieldConfig": {
        "defaults": {
          "color": {
            "mode": "continuous-GrYlRd"
          },
          "mappings": [],
          "max": 1,
          "min": 0,
          "thresholds": {
            "mode": "absolute",
            "steps": [
              {
                "color": "green",
                "value": null
              },
              {
                "color": "#EAB839",
                "value": 0.5
              },
              {
                "color": "red",
                "value": 0.7
              }
            ]
          },
          "unit": "percentunit",
          "unitScale": true
        },
        "overrides": []
      },
      "gridPos": {
        "h": 4,
        "w": 5,
        "x": 19,
        "y": 8
      },
      "id": 4,
      "options": {
        "displayMode": "lcd",
        "maxVizHeight": 300,
        "minVizHeight": 10,
        "minVizWidth": 0,
        "namePlacement": "auto",
        "orientation": "horizontal",
        "reduceOptions": {
          "calcs": [
            "lastNotNull"
          ],
          "fields": "",
          "values": false
        },
        "showUnfilled": true,
        "sizing": "auto",
        "valueMode": "color"
      },
      "pluginVersion": "10.3.3",
      "targets": [
        {
          "datasource": {
            "type": "prometheus",
            "uid": "e123dd0d-5f18-48c3-a812-b3062a5dae76"
          },
          "editorMode": "code",
          "expr": "sum(node_memory_MemTotal_bytes{job=\"node-exporter\"} - node_memory_MemAvailable_bytes{job=\"node-exporter\"}) / sum(node_memory_MemTotal_bytes{job=\"node-exporter\"})",
          "legendFormat": "__auto",
          "range": true,
          "refId": "A"
        }
      ],
      "title": "Cluster Memory Utilization",
      "type": "bargauge"
    },
    {
      "datasource": {
        "type": "prometheus",
        "uid": "e123dd0d-5f18-48c3-a812-b3062a5dae76"
      },
      "fieldConfig": {
        "defaults": {
          "color": {
            "mode": "palette-classic"
          },
          "custom": {
            "axisBorderShow": false,
            "axisCenteredZero": false,
            "axisColorMode": "text",
            "axisLabel": "BANDWIDTH",
            "axisPlacement": "auto",
            "barAlignment": 0,
            "drawStyle": "line",
            "fillOpacity": 25,
            "gradientMode": "opacity",
            "hideFrom": {
              "legend": false,
              "tooltip": false,
              "viz": false
            },
            "insertNulls": false,
            "lineInterpolation": "smooth",
            "lineWidth": 2,
            "pointSize": 5,
            "scaleDistribution": {
              "type": "linear"
            },
            "showPoints": "never",
            "spanNulls": true,
            "stacking": {
              "group": "A",
              "mode": "none"
            },
            "thresholdsStyle": {
              "mode": "off"
            }
          },
          "decimals": 0,
          "mappings": [],
          "thresholds": {
            "mode": "absolute",
            "steps": [
              {
                "color": "green",
                "value": null
              },
              {
                "color": "red",
                "value": 80
              }
            ]
          },
          "unit": "binBps",
          "unitScale": true
        },
        "overrides": []
      },
      "gridPos": {
        "h": 9,
        "w": 12,
        "x": 0,
        "y": 12
      },
      "id": 18,
      "options": {
        "legend": {
          "calcs": [
            "lastNotNull"
          ],
          "displayMode": "list",
          "placement": "right",
          "showLegend": true
        },
        "tooltip": {
          "mode": "multi",
          "sort": "desc"
        }
      },
      "targets": [
        {
          "datasource": {
            "type": "prometheus",
            "uid": "e123dd0d-5f18-48c3-a812-b3062a5dae76"
          },
          "editorMode": "builder",
          "expr": "sum by(id) (rate(container_network_receive_bytes_total{instance=~\".+\", id=\"/\", interface=~\".+\"}[$__rate_interval]))",
          "legendFormat": "__auto",
          "range": true,
          "refId": "A"
        },
        {
          "datasource": {
            "type": "prometheus",
            "uid": "e123dd0d-5f18-48c3-a812-b3062a5dae76"
          },
          "editorMode": "builder",
          "expr": "sum by(id) (rate(container_network_transmit_bytes_total{instance=~\".+\", id=\"/\", interface=~\".+\"}[$__rate_interval]))",
          "hide": false,
          "legendFormat": "__auto",
          "range": true,
          "refId": "B"
        }
      ],
      "title": "Total Network Traffic",
      "type": "timeseries"
    },
    {
      "datasource": {
        "type": "prometheus",
        "uid": "e123dd0d-5f18-48c3-a812-b3062a5dae76"
      },
      "fieldConfig": {
        "defaults": {
          "color": {
            "mode": "palette-classic",
            "seriesBy": "max"
          },
          "custom": {
            "axisBorderShow": false,
            "axisCenteredZero": false,
            "axisColorMode": "text",
            "axisLabel": "Bytes per second",
            "axisPlacement": "auto",
            "barAlignment": 0,
            "drawStyle": "line",
            "fillOpacity": 25,
            "gradientMode": "opacity",
            "hideFrom": {
              "legend": false,
              "tooltip": false,
              "viz": false
            },
            "insertNulls": false,
            "lineInterpolation": "smooth",
            "lineStyle": {
              "fill": "solid"
            },
            "lineWidth": 2,
            "pointSize": 5,
            "scaleDistribution": {
              "type": "linear"
            },
            "showPoints": "never",
            "spanNulls": true,
            "stacking": {
              "group": "A",
              "mode": "none"
            },
            "thresholdsStyle": {
              "mode": "off"
            }
          },
          "mappings": [],
          "thresholds": {
            "mode": "absolute",
            "steps": [
              {
                "color": "green",
                "value": null
              },
              {
                "color": "red",
                "value": 80
              }
            ]
          },
          "unit": "binBps",
          "unitScale": true
        },
        "overrides": []
      },
      "gridPos": {
        "h": 9,
        "w": 12,
        "x": 12,
        "y": 12
      },
      "id": 20,
      "options": {
        "legend": {
          "calcs": [],
          "displayMode": "list",
          "placement": "right",
          "showLegend": true
        },
        "tooltip": {
          "mode": "multi",
          "sort": "desc"
        }
      },
      "targets": [
        {
          "datasource": {
            "type": "prometheus",
            "uid": "e123dd0d-5f18-48c3-a812-b3062a5dae76"
          },
          "editorMode": "builder",
          "expr": "sum by(device) (rate(node_disk_read_bytes_total{device=\"sda\", instance=~\".+\"}[$__rate_interval]))",
          "hide": false,
          "legendFormat": "__auto",
          "range": true,
          "refId": "A"
        },
        {
          "datasource": {
            "type": "prometheus",
            "uid": "e123dd0d-5f18-48c3-a812-b3062a5dae76"
          },
          "editorMode": "code",
          "expr": "sum by(device) (rate(node_disk_written_bytes_total{device=\"sda\", instance=~\".+\"}[$__rate_interval]))",
          "legendFormat": "__auto",
          "range": true,
          "refId": "B"
        }
      ],
      "title": "Disk I/O",
      "type": "timeseries"
    },
    {
      "collapsed": false,
      "gridPos": {
        "h": 1,
        "w": 24,
        "x": 0,
        "y": 21
      },
      "id": 6,
      "panels": [],
      "title": "Row title",
      "type": "row"
    },
    {
      "datasource": {
        "type": "prometheus",
        "uid": "e123dd0d-5f18-48c3-a812-b3062a5dae76"
      },
      "fieldConfig": {
        "defaults": {
          "color": {
            "mode": "palette-classic"
          },
          "custom": {
            "axisBorderShow": false,
            "axisCenteredZero": false,
            "axisColorMode": "text",
            "axisLabel": "CPU Cores",
            "axisPlacement": "auto",
            "barAlignment": 0,
            "drawStyle": "line",
            "fillOpacity": 25,
            "gradientMode": "opacity",
            "hideFrom": {
              "legend": false,
              "tooltip": false,
              "viz": false
            },
            "insertNulls": false,
            "lineInterpolation": "linear",
            "lineWidth": 2,
            "pointSize": 5,
            "scaleDistribution": {
              "type": "linear"
            },
            "showPoints": "never",
            "spanNulls": true,
            "stacking": {
              "group": "A",
              "mode": "none"
            },
            "thresholdsStyle": {
              "mode": "off"
            }
          },
          "mappings": [],
          "thresholds": {
            "mode": "absolute",
            "steps": [
              {
                "color": "green",
                "value": null
              },
              {
                "color": "red",
                "value": 80
              }
            ]
          },
          "unit": "none",
          "unitScale": true
        },
        "overrides": []
      },
      "gridPos": {
        "h": 8,
        "w": 12,
        "x": 0,
        "y": 22
      },
      "id": 16,
      "options": {
        "legend": {
          "calcs": [
            "min",
            "max",
            "mean",
            "sum"
          ],
          "displayMode": "list",
          "placement": "bottom",
          "showLegend": true
        },
        "tooltip": {
          "mode": "single",
          "sort": "none"
        }
      },
      "targets": [
        {
          "datasource": {
            "type": "prometheus",
            "uid": "e123dd0d-5f18-48c3-a812-b3062a5dae76"
          },
          "editorMode": "builder",
          "expr": "sum by(namespace) (rate(container_cpu_usage_seconds_total{namespace=~\"$namespace\"}[$__rate_interval]))",
          "legendFormat": "__auto",
          "range": true,
          "refId": "A"
        }
      ],
      "title": "CPU Utilization by namespace",
      "type": "timeseries"
    },
    {
      "datasource": {
        "type": "prometheus",
        "uid": "e123dd0d-5f18-48c3-a812-b3062a5dae76"
      },
      "description": "",
      "fieldConfig": {
        "defaults": {
          "color": {
            "mode": "palette-classic"
          },
          "custom": {
            "axisBorderShow": false,
            "axisCenteredZero": false,
            "axisColorMode": "text",
            "axisLabel": "Bytes",
            "axisPlacement": "auto",
            "barAlignment": 0,
            "drawStyle": "line",
            "fillOpacity": 25,
            "gradientMode": "opacity",
            "hideFrom": {
              "legend": false,
              "tooltip": false,
              "viz": false
            },
            "insertNulls": false,
            "lineInterpolation": "smooth",
            "lineWidth": 2,
            "pointSize": 5,
            "scaleDistribution": {
              "type": "linear"
            },
            "showPoints": "never",
            "spanNulls": true,
            "stacking": {
              "group": "A",
              "mode": "none"
            },
            "thresholdsStyle": {
              "mode": "off"
            }
          },
          "mappings": [],
          "thresholds": {
            "mode": "absolute",
            "steps": [
              {
                "color": "green",
                "value": null
              },
              {
                "color": "red",
                "value": 80
              }
            ]
          },
          "unit": "bytes",
          "unitScale": true
        },
        "overrides": []
      },
      "gridPos": {
        "h": 8,
        "w": 12,
        "x": 12,
        "y": 22
      },
      "id": 22,
      "options": {
        "legend": {
          "calcs": [
            "min",
            "max",
            "mean",
            "sum"
          ],
          "displayMode": "list",
          "placement": "bottom",
          "showLegend": true
        },
        "tooltip": {
          "mode": "single",
          "sort": "none"
        }
      },
      "targets": [
        {
          "datasource": {
            "type": "prometheus",
            "uid": "e123dd0d-5f18-48c3-a812-b3062a5dae76"
          },
          "editorMode": "builder",
          "expr": "sum by(namespace) (rate(container_memory_working_set_bytes{namespace=~\"$namespace\"}[$__rate_interval]))",
          "legendFormat": "__auto",
          "range": true,
          "refId": "A"
        }
      ],
      "title": "Memory Utilization by namespace",
      "type": "timeseries"
    },
    {
      "datasource": {
        "type": "prometheus",
        "uid": "e123dd0d-5f18-48c3-a812-b3062a5dae76"
      },
      "fieldConfig": {
        "defaults": {
          "color": {
            "mode": "palette-classic"
          },
          "custom": {
            "axisBorderShow": false,
            "axisCenteredZero": false,
            "axisColorMode": "text",
            "axisLabel": "",
            "axisPlacement": "auto",
            "barAlignment": 0,
            "drawStyle": "line",
            "fillOpacity": 25,
            "gradientMode": "opacity",
            "hideFrom": {
              "legend": false,
              "tooltip": false,
              "viz": false
            },
            "insertNulls": false,
            "lineInterpolation": "smooth",
            "lineWidth": 2,
            "pointSize": 5,
            "scaleDistribution": {
              "type": "linear"
            },
            "showPoints": "never",
            "spanNulls": true,
            "stacking": {
              "group": "A",
              "mode": "none"
            },
            "thresholdsStyle": {
              "mode": "off"
            }
          },
          "mappings": [],
          "thresholds": {
            "mode": "absolute",
            "steps": [
              {
                "color": "green",
                "value": null
              },
              {
                "color": "red",
                "value": 80
              }
            ]
          },
          "unit": "short",
          "unitScale": true
        },
        "overrides": []
      },
      "gridPos": {
        "h": 8,
        "w": 12,
        "x": 0,
        "y": 30
      },
      "id": 45,
      "options": {
        "legend": {
          "calcs": [],
          "displayMode": "list",
          "placement": "bottom",
          "showLegend": false
        },
        "tooltip": {
          "mode": "multi",
          "sort": "none"
        }
      },
      "pluginVersion": "8.3.3",
      "targets": [
        {
          "datasource": {
            "type": "prometheus",
            "uid": "e123dd0d-5f18-48c3-a812-b3062a5dae76"
          },
          "editorMode": "code",
          "expr": "sum(rate(coredns_forward_requests_total[$__rate_interval]))",
          "legendFormat": "__auto",
          "range": true,
          "refId": "A"
        }
      ],
      "title": "CoreDNS - Total Forward Requests",
      "type": "timeseries"
    },
    {
      "datasource": {
        "type": "prometheus",
        "uid": "e123dd0d-5f18-48c3-a812-b3062a5dae76"
      },
      "fieldConfig": {
        "defaults": {
          "color": {
            "mode": "palette-classic"
          },
          "custom": {
            "axisBorderShow": false,
            "axisCenteredZero": false,
            "axisColorMode": "text",
            "axisLabel": "",
            "axisPlacement": "auto",
            "barAlignment": 0,
            "drawStyle": "line",
            "fillOpacity": 25,
            "gradientMode": "opacity",
            "hideFrom": {
              "legend": false,
              "tooltip": false,
              "viz": false
            },
            "insertNulls": false,
            "lineInterpolation": "smooth",
            "lineWidth": 2,
            "pointSize": 5,
            "scaleDistribution": {
              "type": "linear"
            },
            "showPoints": "never",
            "spanNulls": true,
            "stacking": {
              "group": "A",
              "mode": "none"
            },
            "thresholdsStyle": {
              "mode": "off"
            }
          },
          "mappings": [],
          "thresholds": {
            "mode": "absolute",
            "steps": [
              {
                "color": "green",
                "value": null
              },
              {
                "color": "red",
                "value": 80
              }
            ]
          },
          "unit": "bytes",
          "unitScale": true
        },
        "overrides": []
      },
      "gridPos": {
        "h": 8,
        "w": 12,
        "x": 12,
        "y": 30
      },
      "id": 48,
      "options": {
        "legend": {
          "calcs": [],
          "displayMode": "list",
          "placement": "bottom",
          "showLegend": true
        },
        "tooltip": {
          "mode": "multi",
          "sort": "desc"
        }
      },
      "pluginVersion": "8.3.3",
      "targets": [
        {
          "datasource": {
            "type": "prometheus",
            "uid": "e123dd0d-5f18-48c3-a812-b3062a5dae76"
          },
          "exemplar": true,
          "expr": "sum(coredns_cache_entries) by (type)",
          "interval": "",
          "legendFormat": "{{ type }}",
          "refId": "A"
        }
      ],
      "title": "CoreDNS - Cache Size",
      "type": "timeseries"
    },
    {
      "datasource": {
        "type": "prometheus",
        "uid": "e123dd0d-5f18-48c3-a812-b3062a5dae76"
      },
      "fieldConfig": {
        "defaults": {
          "color": {
            "mode": "palette-classic"
          },
          "custom": {
            "axisBorderShow": false,
            "axisCenteredZero": false,
            "axisColorMode": "text",
            "axisLabel": "",
            "axisPlacement": "auto",
            "barAlignment": 0,
            "drawStyle": "line",
            "fillOpacity": 25,
            "gradientMode": "opacity",
            "hideFrom": {
              "legend": false,
              "tooltip": false,
              "viz": false
            },
            "insertNulls": false,
            "lineInterpolation": "smooth",
            "lineWidth": 2,
            "pointSize": 5,
            "scaleDistribution": {
              "type": "linear"
            },
            "showPoints": "never",
            "spanNulls": true,
            "stacking": {
              "group": "A",
              "mode": "none"
            },
            "thresholdsStyle": {
              "mode": "off"
            }
          },
          "decimals": 2,
          "mappings": [],
          "thresholds": {
            "mode": "absolute",
            "steps": [
              {
                "color": "green",
                "value": null
              },
              {
                "color": "red",
                "value": 80
              }
            ]
          },
          "unit": "bytes",
          "unitScale": true
        },
        "overrides": []
      },
      "gridPos": {
        "h": 10,
        "w": 24,
        "x": 0,
        "y": 38
      },
      "id": 26,
      "options": {
        "legend": {
          "calcs": [],
          "displayMode": "list",
          "placement": "right",
          "showLegend": true
        },
        "tooltip": {
          "mode": "single",
          "sort": "none"
        }
      },
      "targets": [
        {
          "datasource": {
            "type": "prometheus",
            "uid": "e123dd0d-5f18-48c3-a812-b3062a5dae76"
          },
          "editorMode": "builder",
          "expr": "sum by(interface) (rate(container_network_receive_bytes_total{id=\"/\", interface=~\"$netface\"}[$__rate_interval]))",
          "hide": false,
          "legendFormat": "__auto",
          "range": true,
          "refId": "A"
        }
      ],
      "title": "Pod Network Utilization",
      "type": "timeseries"
    },
    {
      "datasource": {
        "type": "prometheus",
        "uid": "e123dd0d-5f18-48c3-a812-b3062a5dae76"
      },
      "fieldConfig": {
        "defaults": {
          "color": {
            "mode": "palette-classic"
          },
          "custom": {
            "axisBorderShow": false,
            "axisCenteredZero": false,
            "axisColorMode": "text",
            "axisLabel": "Bytes",
            "axisPlacement": "left",
            "barAlignment": 0,
            "drawStyle": "line",
            "fillOpacity": 25,
            "gradientMode": "opacity",
            "hideFrom": {
              "legend": false,
              "tooltip": false,
              "viz": false
            },
            "insertNulls": false,
            "lineInterpolation": "smooth",
            "lineWidth": 2,
            "pointSize": 5,
            "scaleDistribution": {
              "type": "linear"
            },
            "showPoints": "never",
            "spanNulls": true,
            "stacking": {
              "group": "A",
              "mode": "none"
            },
            "thresholdsStyle": {
              "mode": "off"
            }
          },
          "decimals": 2,
          "mappings": [],
          "thresholds": {
            "mode": "absolute",
            "steps": [
              {
                "color": "green",
                "value": null
              },
              {
                "color": "red",
                "value": 80
              }
            ]
          },
          "unit": "bytes",
          "unitScale": true
        },
        "overrides": []
      },
      "gridPos": {
        "h": 11,
        "w": 24,
        "x": 0,
        "y": 48
      },
      "id": 27,
      "options": {
        "legend": {
          "calcs": [],
          "displayMode": "list",
          "placement": "right",
          "showLegend": true
        },
        "tooltip": {
          "mode": "single",
          "sort": "none"
        }
      },
      "targets": [
        {
          "datasource": {
            "type": "prometheus",
            "uid": "e123dd0d-5f18-48c3-a812-b3062a5dae76"
          },
          "editorMode": "builder",
          "expr": "avg by(pod) (rate(container_fs_writes_total{id=~\".+\", device=~\".+\", pod=~\"$pod\"}[$__rate_interval]))",
          "hide": false,
          "legendFormat": "__auto",
          "range": true,
          "refId": "A"
        }
      ],
      "title": "Pod Read/Write Iops",
      "type": "timeseries"
    },
    {
      "datasource": {
        "type": "prometheus",
        "uid": "e123dd0d-5f18-48c3-a812-b3062a5dae76"
      },
      "fieldConfig": {
        "defaults": {
          "color": {
            "mode": "palette-classic"
          },
          "custom": {
            "axisBorderShow": false,
            "axisCenteredZero": false,
            "axisColorMode": "text",
            "axisLabel": "Cores",
            "axisPlacement": "left",
            "barAlignment": 0,
            "drawStyle": "line",
            "fillOpacity": 25,
            "gradientMode": "opacity",
            "hideFrom": {
              "legend": false,
              "tooltip": false,
              "viz": false
            },
            "insertNulls": false,
            "lineInterpolation": "smooth",
            "lineWidth": 2,
            "pointSize": 5,
            "scaleDistribution": {
              "type": "linear"
            },
            "showPoints": "never",
            "spanNulls": true,
            "stacking": {
              "group": "A",
              "mode": "none"
            },
            "thresholdsStyle": {
              "mode": "off"
            }
          },
          "mappings": [],
          "thresholds": {
            "mode": "absolute",
            "steps": [
              {
                "color": "green",
                "value": null
              },
              {
                "color": "red",
                "value": 80
              }
            ]
          },
          "unit": "none",
          "unitScale": true
        },
        "overrides": []
      },
      "gridPos": {
        "h": 8,
        "w": 24,
        "x": 0,
        "y": 59
      },
      "id": 29,
      "options": {
        "legend": {
          "calcs": [
            "lastNotNull"
          ],
          "displayMode": "list",
          "placement": "right",
          "showLegend": true
        },
        "tooltip": {
          "mode": "multi",
          "sort": "desc"
        }
      },
      "targets": [
        {
          "datasource": {
            "type": "prometheus",
            "uid": "e123dd0d-5f18-48c3-a812-b3062a5dae76"
          },
          "editorMode": "builder",
          "expr": "max by(pod) (kube_pod_container_resource_limits{pod=~\".+\", resource=\"cpu\", unit=\"core\"})",
          "legendFormat": "__auto",
          "range": true,
          "refId": "A"
        }
      ],
      "title": "Pod CPU Limits",
      "type": "timeseries"
    },
    {
      "datasource": {
        "type": "prometheus",
        "uid": "e123dd0d-5f18-48c3-a812-b3062a5dae76"
      },
      "fieldConfig": {
        "defaults": {
          "color": {
            "mode": "palette-classic"
          },
          "custom": {
            "axisBorderShow": false,
            "axisCenteredZero": false,
            "axisColorMode": "text",
            "axisLabel": "Bytes",
            "axisPlacement": "left",
            "barAlignment": 0,
            "drawStyle": "line",
            "fillOpacity": 25,
            "gradientMode": "opacity",
            "hideFrom": {
              "legend": false,
              "tooltip": false,
              "viz": false
            },
            "insertNulls": false,
            "lineInterpolation": "smooth",
            "lineStyle": {
              "fill": "solid"
            },
            "lineWidth": 2,
            "pointSize": 5,
            "scaleDistribution": {
              "type": "linear"
            },
            "showPoints": "never",
            "spanNulls": true,
            "stacking": {
              "group": "A",
              "mode": "none"
            },
            "thresholdsStyle": {
              "mode": "off"
            }
          },
          "decimals": 2,
          "mappings": [],
          "thresholds": {
            "mode": "absolute",
            "steps": [
              {
                "color": "green",
                "value": null
              },
              {
                "color": "red",
                "value": 80
              }
            ]
          },
          "unit": "bytes",
          "unitScale": true
        },
        "overrides": []
      },
      "gridPos": {
        "h": 9,
        "w": 24,
        "x": 0,
        "y": 67
      },
      "id": 30,
      "options": {
        "legend": {
          "calcs": [],
          "displayMode": "list",
          "placement": "right",
          "showLegend": true
        },
        "tooltip": {
          "mode": "multi",
          "sort": "desc"
        }
      },
      "targets": [
        {
          "datasource": {
            "type": "prometheus",
            "uid": "e123dd0d-5f18-48c3-a812-b3062a5dae76"
          },
          "editorMode": "builder",
          "expr": "max by(pod) (kube_pod_container_resource_limits{pod=~\".+\", resource=\"memory\", unit=\"byte\"})",
          "legendFormat": "__auto",
          "range": true,
          "refId": "A"
        }
      ],
      "title": "Pod Memory Limits",
      "type": "timeseries"
    },
    {
      "datasource": {
        "type": "prometheus",
        "uid": "e123dd0d-5f18-48c3-a812-b3062a5dae76"
      },
      "fieldConfig": {
        "defaults": {
          "color": {
            "mode": "palette-classic"
          },
          "custom": {
            "axisCenteredZero": false,
            "axisColorMode": "text",
            "axisLabel": "CPU %",
            "axisPlacement": "auto",
            "barAlignment": 0,
            "drawStyle": "line",
            "fillOpacity": 25,
            "gradientMode": "opacity",
            "hideFrom": {
              "legend": false,
              "tooltip": false,
              "viz": false
            },
            "lineInterpolation": "smooth",
            "lineStyle": {
              "fill": "solid"
            },
            "lineWidth": 2,
            "pointSize": 5,
            "scaleDistribution": {
              "type": "linear"
            },
            "showPoints": "never",
            "spanNulls": true,
            "stacking": {
              "group": "A",
              "mode": "none"
            },
            "thresholdsStyle": {
              "mode": "off"
            }
          },
          "mappings": [],
          "max": 1,
          "thresholds": {
            "mode": "absolute",
            "steps": [
              {
                "color": "green"
              },
              {
                "color": "red",
                "value": 80
              }
            ]
          },
          "unit": "percentunit"
        },
        "overrides": []
      },
      "gridPos": {
        "h": 8,
        "w": 24,
        "x": 0,
        "y": 76
      },
      "id": 32,
      "options": {
        "legend": {
          "calcs": [
            "lastNotNull"
          ],
          "displayMode": "list",
          "placement": "right",
          "showLegend": true
        },
        "tooltip": {
          "mode": "multi",
          "sort": "desc"
        }
      },
      "targets": [
        {
          "datasource": {
            "type": "prometheus",
            "uid": "e123dd0d-5f18-48c3-a812-b3062a5dae76"
          },
          "editorMode": "builder",
          "expr": "max by(pod) (kube_pod_container_resource_requests{pod=~\".+\", resource=\"cpu\", unit=\"core\"})",
          "legendFormat": "__auto",
          "range": true,
          "refId": "A"
        }
      ],
      "title": "Pod CPU Request",
      "type": "timeseries"
    },
    {
      "datasource": {
        "type": "prometheus",
        "uid": "e123dd0d-5f18-48c3-a812-b3062a5dae76"
      },
      "fieldConfig": {
        "defaults": {
          "color": {
            "fixedColor": "semi-dark-yellow",
            "mode": "palette-classic",
            "seriesBy": "last"
          },
          "custom": {
            "axisCenteredZero": false,
            "axisColorMode": "text",
            "axisLabel": "Bytes",
            "axisPlacement": "left",
            "barAlignment": 0,
            "drawStyle": "line",
            "fillOpacity": 25,
            "gradientMode": "opacity",
            "hideFrom": {
              "legend": false,
              "tooltip": false,
              "viz": false
            },
            "lineInterpolation": "smooth",
            "lineStyle": {
              "fill": "solid"
            },
            "lineWidth": 2,
            "pointSize": 5,
            "scaleDistribution": {
              "type": "linear"
            },
            "showPoints": "never",
            "spanNulls": true,
            "stacking": {
              "group": "A",
              "mode": "none"
            },
            "thresholdsStyle": {
              "mode": "off"
            }
          },
          "mappings": [],
          "max": 1,
          "min": 0,
          "thresholds": {
            "mode": "absolute",
            "steps": [
              {
                "color": "green"
              },
              {
                "color": "red",
                "value": 80
              }
            ]
          },
          "unit": "percentunit"
        },
        "overrides": [
          {
            "__systemRef": "hideSeriesFrom",
            "matcher": {
              "id": "byNames",
              "options": {
                "mode": "exclude",
                "names": [
                  "mytbedge-757d7fb6c7-n95sm"
                ],
                "prefix": "All except:",
                "readOnly": true
              }
            },
            "properties": [
              {
                "id": "custom.hideFrom",
                "value": {
                  "legend": false,
                  "tooltip": false,
                  "viz": true
                }
              }
            ]
          }
        ]
      },
      "gridPos": {
        "h": 9,
        "w": 24,
        "x": 0,
        "y": 84
      },
      "id": 33,
      "options": {
        "legend": {
          "calcs": [],
          "displayMode": "list",
          "placement": "right",
          "showLegend": true
        },
        "tooltip": {
          "mode": "multi",
          "sort": "desc"
        }
      },
      "targets": [
        {
          "datasource": {
            "type": "prometheus",
            "uid": "e123dd0d-5f18-48c3-a812-b3062a5dae76"
          },
          "editorMode": "builder",
          "expr": "max by(pod) (kube_pod_container_resource_requests{pod=~\".+\", resource=\"memory\", unit=\"byte\"})",
          "legendFormat": "__auto",
          "range": true,
          "refId": "A"
        }
      ],
      "title": "Pod Memory Requests",
      "type": "timeseries"
    }
  ],
  "refresh": "5m",
  "schemaVersion": 39,
  "tags": [
    "kubernetes",
    "prometheus",
    "cadvisor"
  ],
  "templating": {
    "list": [
      {
        "current": {
          "selected": false,
          "text": "All",
          "value": "$__all"
        },
        "datasource": {
          "type": "prometheus",
          "uid": "e123dd0d-5f18-48c3-a812-b3062a5dae76"
        },
        "definition": "label_values(kube_pod_info, namespace)",
        "hide": 0,
        "includeAll": true,
        "multi": true,
        "name": "namespace",
        "options": [],
        "query": {
          "query": "label_values(kube_pod_info, namespace)",
          "refId": "StandardVariableQuery"
        },
        "refresh": 1,
        "regex": "",
        "skipUrlSync": false,
        "sort": 1,
        "type": "query"
      },
      {
        "current": {
          "selected": false,
          "text": "All",
          "value": "$__all"
        },
        "datasource": {
          "type": "prometheus",
          "uid": "e123dd0d-5f18-48c3-a812-b3062a5dae76"
        },
        "definition": "label_values(kube_pod_info, pod)",
        "hide": 0,
        "includeAll": true,
        "multi": true,
        "name": "pod",
        "options": [],
        "query": {
          "query": "label_values(kube_pod_info, pod)",
          "refId": "StandardVariableQuery"
        },
        "refresh": 1,
        "regex": "",
        "skipUrlSync": false,
        "sort": 1,
        "type": "query"
      },
      {
        "current": {
          "selected": false,
          "text": "prometheus",
          "value": "e123dd0d-5f18-48c3-a812-b3062a5dae76"
        },
        "hide": 0,
        "includeAll": false,
        "multi": false,
        "name": "datasource",
        "options": [],
        "query": "prometheus",
        "queryValue": "",
        "refresh": 1,
        "regex": "",
        "skipUrlSync": false,
        "type": "datasource"
      },
      {
        "current": {
          "selected": false,
          "text": "All",
          "value": "$__all"
        },
        "datasource": {
          "type": "prometheus",
          "uid": "e123dd0d-5f18-48c3-a812-b3062a5dae76"
        },
        "definition": "container_network_transmit_bytes_total{kubernetes_io_os=\"linux\"}",
        "hide": 0,
        "includeAll": true,
        "multi": true,
        "name": "netface",
        "options": [],
        "query": {
          "query": "container_network_transmit_bytes_total{kubernetes_io_os=\"linux\"}",
          "refId": "StandardVariableQuery"
        },
        "refresh": 1,
        "regex": "/.*interface=\"([^\"]*).*/",
        "skipUrlSync": false,
        "sort": 1,
        "type": "query"
      }
    ]
  },
  "time": {
    "from": "now-6h",
    "to": "now"
  },
  "timepicker": {},
  "timezone": "Asia/Yangon",
  "title": "Kubernetes Dashboard Prometheus Francisco",
  "uid": "e1RXnCbVz",
  "version": 2,
  "weekStart": ""
}