{
  "annotations": {
    "list": [
      {
        "builtIn": 1,
        "datasource": {
          "type": "grafana",
          "uid": "-- Grafana --"
        },
        "enable": true,
        "hide": true,
        "iconColor": "rgba(0, 211, 255, 1)",
        "name": "Annotations & Alerts",
        "type": "dashboard"
      }
    ]
  },
  "description": "Basic dashboard for Kubernetes Logs from Loki. You will need to make your own customizations.",
  "editable": true,
  "fiscalYearStartMonth": 0,
  "gnetId": 18494,
  "graphTooltip": 0,
  "id": 7,
  "links": [],
  "liveNow": true,
  "panels": [
    {
      "datasource": {
        "type": "loki",
        "uid": "P8E80F9AEF21F6940"
      },
      "fieldConfig": {
        "defaults": {
          "color": {
            "mode": "palette-classic"
          },
          "custom": {
            "axisBorderShow": false,
            "axisCenteredZero": false,
            "axisColorMode": "text",
            "axisLabel": "",
            "axisPlacement": "auto",
            "barAlignment": 0,
            "drawStyle": "line",
            "fillOpacity": 0,
            "gradientMode": "none",
            "hideFrom": {
              "legend": false,
              "tooltip": false,
              "viz": false
            },
            "insertNulls": false,
            "lineInterpolation": "linear",
            "lineWidth": 1,
            "pointSize": 5,
            "scaleDistribution": {
              "type": "linear"
            },
            "showPoints": "auto",
            "spanNulls": false,
            "stacking": {
              "group": "A",
              "mode": "none"
            },
            "thresholdsStyle": {
              "mode": "off"
            }
          },
          "mappings": [],
          "thresholds": {
            "mode": "absolute",
            "steps": [
              {
                "color": "green",
                "value": null
              }
            ]
          },
          "unitScale": true
        },
        "overrides": []
      },
      "gridPos": {
        "h": 5,
        "w": 24,
        "x": 0,
        "y": 0
      },
      "id": 2,
      "options": {
        "legend": {
          "calcs": [],
          "displayMode": "list",
          "placement": "bottom",
          "showLegend": true
        },
        "tooltip": {
          "mode": "single",
          "sort": "none"
        }
      },
      "targets": [
        {
          "datasource": {
            "type": "loki",
            "uid": "P8E80F9AEF21F6940"
          },
          "editorMode": "code",
          "expr": "sum(count_over_time({namespace=~\"$namespace\", pod=~\"$pod\"} |~ \"$search\"[$__interval]))",
          "queryType": "range",
          "refId": "A"
        }
      ],
      "type": "timeseries"
    },
    {
      "datasource": {
        "type": "loki",
        "uid": "P8E80F9AEF21F6940"
      },
      "gridPos": {
        "h": 16,
        "w": 24,
        "x": 0,
        "y": 5
      },
      "id": 3,
      "options": {
        "dedupStrategy": "exact",
        "enableLogDetails": true,
        "prettifyLogMessage": false,
        "showCommonLabels": false,
        "showLabels": true,
        "showTime": true,
        "sortOrder": "Descending",
        "wrapLogMessage": true
      },
      "targets": [
        {
          "datasource": {
            "type": "loki",
            "uid": "P8E80F9AEF21F6940"
          },
          "editorMode": "code",
          "expr": "{namespace=~\"$namespace\", pod=~\"$pod\"} |~ \"(?i)$search\"",
          "queryType": "range",
          "refId": "A"
        }
      ],
      "title": "Logs Panel",
      "type": "logs"
    }
  ],
  "refresh": "10s",
  "schemaVersion": 39,
  "tags": [],
  "templating": {
    "list": [
      {
        "allValue": ".+",
        "current": {
          "selected": false,
          "text": "All",
          "value": "$__all"
        },
        "datasource": {
          "type": "loki",
          "uid": "P8E80F9AEF21F6940"
        },
        "definition": "",
        "hide": 0,
        "includeAll": true,
        "label": "Namespace",
        "multi": false,
        "name": "namespace",
        "options": [],
        "query": {
          "label": "namespace",
          "refId": "LokiVariableQueryEditor-VariableQuery",
          "stream": "",
          "type": 1
        },
        "refresh": 1,
        "regex": "",
        "skipUrlSync": false,
        "sort": 0,
        "type": "query"
      },
      {
        "allValue": ".+",
        "current": {
          "selected": false,
          "text": "All",
          "value": "$__all"
        },
        "datasource": {
          "type": "loki",
          "uid": "P8E80F9AEF21F6940"
        },
        "definition": "",
        "hide": 0,
        "includeAll": true,
        "label": "Pod",
        "multi": false,
        "name": "pod",
        "options": [],
        "query": {
          "label": "pod",
          "refId": "LokiVariableQueryEditor-VariableQuery",
          "stream": "",
          "type": 1
        },
        "refresh": 1,
        "regex": "",
        "skipUrlSync": false,
        "sort": 0,
        "type": "query"
      },
      {
        "current": {
          "selected": false,
          "text": "error|fatal",
          "value": "error|fatal"
        },
        "hide": 0,
        "includeAll": false,
        "label": "Search Term",
        "multi": false,
        "name": "search",
        "options": [
          {
            "selected": true,
            "text": "error|fatal",
            "value": "error|fatal"
          },
          {
            "selected": false,
            "text": "warn|error|fatal",
            "value": "warn|error|fatal"
          },
          {
            "selected": false,
            "text": "fatal",
            "value": "fatal"
          },
          {
            "selected": false,
            "text": "error",
            "value": "error"
          },
          {
            "selected": false,
            "text": "warn",
            "value": "warn"
          },
          {
            "selected": false,
            "text": "info",
            "value": "info"
          },
          {
            "selected": false,
            "text": ".+",
            "value": ".+"
          }
        ],
        "query": "error|fatal,warn|error|fatal,fatal,error,warn,info,.+",
        "queryValue": "",
        "skipUrlSync": false,
        "type": "custom"
      }
    ]
  },
  "time": {
    "from": "now-6h",
    "to": "now"
  },
  "timepicker": {},
  "timezone": "",
  "title": "Kubernetes Logs from Loki Francisco",
  "uid": "ae3ec2c4-1c19-4450-9403-226270fe0c4f",
  "version": 2,
  "weekStart": ""
}